train_images_per_class,mean_accuracy
15,0.5386666666666666
100,0.7660000000000001
