train_images_per_class,mean_accuracy
15,0.5393333333333333
100,0.7660000000000001
