train_images_per_class,mean_accuracy
15,0.6953333333333335
50,0.7606666666666666
